Order ID,Date,Customer Name,City,State,Product Category,Product Name,Sales Amount,Quantity,Discount,Profit,Sales Channel
ORD-001,1/15/2023, John Doe ,New York,NY,Electronics,Laptop,1200,1,0.1,150,Online
ORD-002,2023-01-16,jane smith,los angeles,CA, Clothing ,T-Shirt, 25 ,2,0,10,Offline
ORD-003,17-Jan-2023,Bob Johnson,,TX,Furniture,Desk,-500,1,0,-50,Online
ORD-004,1/18/2023,alice Brown,Chicago,IL,Electronics,Smartphone,800,1,0.05,100, online 
ORD-005,1/19/2023,Charlie Davis,Houston,TX,Clothing,Jeans,50,3,0,15,Offline
ORD-001,1/15/2023, John Doe ,New York,NY,Electronics,Laptop,1200,1,0.1,150,Online
ORD-006,20-01-2023,Eve White,Phoenix,AZ, Furniture ,Chair,150,4,0.1,20,Offline
ORD-007,1/21/2023,Frank Green,Philadelphia,PA,Electronics,Tablet,300,2,0,40,Online
ORD-008,1/22/2023,Grace Lee,,CA,Clothing,Dress,75,1,0.2,15,Offline
ORD-009,23-Jan-2023,Henry Ford,San Antonio,TX,Furniture,Sofa,900,1,0.15,100,Online
ORD-010,1/24/2023,Ivy Clark,San Diego,CA,Electronics,Headphones,100,0,0,20, offline
ORD-011,1/25/2023,Jack Black,Dallas,TX,Clothing,Shoes,120,-1,0,30,Online
ORD-012,2023-01-26,Karen Hall,San Jose,CA,Furniture,Table,350,1,0.1,40,Offline
ORD-013,27-01-2023,Liam Young,Austin,TX,Electronics,Monitor,250,2,0.05,30,Online
ORD-014,1/28/2023,Mia Wright,Jacksonville,FL,Clothing,Jacket,150,1,0,25,Offline
ORD-015,1/29/2023,Noah Scott,Fort Worth,TX,Furniture,Bookshelf,200,1,0.1,20,Online
ORD-007,1/21/2023,Frank Green,Philadelphia,PA,Electronics,Tablet,300,2,0,40,Online
ORD-016,30-Jan-2023,Olivia King,Columbus,OH,Electronics,Smartwatch,200,1,0,40,Offline
ORD-017,1/31/2023,Paul Baker,Charlotte,NC,Clothing,Sweater,60,2,0.1,10,Online
ORD-018,2/1/2023,Quinn Nelson,,IN,Furniture,Bed,1000,1,0.2,150,Offline
ORD-019,2023-02-02,Rachel Carter,Seattle,WA,Electronics,Camera,600,1,0,80, online 
ORD-020,03-02-2023,Sam Perez,Denver,CO,Clothing,Shorts,30,3,0,5,Offline
ORD-021,2/4/2023,Tina Turner,Washington,DC,Furniture,Cabinet,-300,1,0,-20,Online
ORD-022,5-Feb-2023,Uma Thurman,Boston,MA,Electronics,Router,80,2,0.1,15,Offline
ORD-023,2/6/2023,Victor Hugo,El Paso,TX,Clothing,Socks,15,5,0,5,Online
ORD-024,2023-02-07,Wendy Darling,Nashville,TN,Furniture,Stool,40,4,0,10,Offline
ORD-025,08-02-2023,Xavier Woods,Detroit,MI,Electronics,Keyboard,50,2,0,10,Online
ORD-026,2/9/2023,Yara Shahidi,,OR,Clothing,Hat,20,1,0,5,Offline
ORD-027,10-Feb-2023,Zack Morris,Memphis,TN,Furniture,Lamp,60,2,0.1,10,Online
ORD-028,2/11/2023,Amy Adams,Louisville,KY,Electronics,Mouse,25,3,0,5, offline
ORD-029,12-02-2023, Brian Cox ,Portland,OR,Electronics,Laptop,1100,1,0.05,100,Online
ORD-030,2/13/2023,cathy dennis,atlanta,GA, Clothing ,T-Shirt, 20 ,2,0,5,Offline
ORD-031,14-Feb-2023,David Evans,,FL,Furniture,Desk,-450,1,0,-40,Online
ORD-032,2/15/2023,emily farr,Miami,FL,Electronics,Smartphone,850,1,0.05,110, online 
ORD-033,2/16/2023,George Harris,Tampa,FL,Clothing,Jeans,55,3,0,18,Offline
ORD-034,2/17/2023,Hannah Irwin,Orlando,FL, Furniture ,Chair,160,4,0.1,22,Offline
ORD-035,18-02-2023,Ian Jones,St. Petersburg,FL,Electronics,Tablet,310,2,0,45,Online
ORD-031,14-Feb-2023,David Evans,,FL,Furniture,Desk,-450,1,0,-40,Online
ORD-036,2/19/2023,Julia Kent,,TX,Clothing,Dress,80,1,0.2,18,Offline
ORD-037,20-Feb-2023,Kevin Lewis,Plano,TX,Furniture,Sofa,950,1,0.15,110,Online
ORD-038,2/21/2023,Laura Martin,Irving,TX,Electronics,Headphones,110,0,0,25, offline
ORD-039,2/22/2023,Mike Norton,Garland,TX,Clothing,Shoes,130,-1,0,35,Online
ORD-040,2023-02-23,Nina Owens,Frisco,TX,Furniture,Table,360,1,0.1,45,Offline
ORD-041,24-02-2023,Oscar Perez,McKinney,TX,Electronics,Monitor,260,2,0.05,35,Online
ORD-042,2/25/2023,Paula Quinn,Grand Prairie,TX,Clothing,Jacket,160,1,0,30,Offline
ORD-043,2/26/2023,Ray Romano,Brownsville,TX,Furniture,Bookshelf,210,1,0.1,25,Online
ORD-044,27-Feb-2023,Sarah Smith,Pasadena,TX,Electronics,Smartwatch,210,1,0,45,Offline
ORD-045,2/28/2023,Tom Taylor,Mesquite,TX,Clothing,Sweater,65,2,0.1,12,Online
ORD-046,3/1/2023,Ursula Upton,,NY,Furniture,Bed,1050,1,0.2,160,Offline
ORD-047,2023-03-02,Victor Vance,Buffalo,NY,Electronics,Camera,650,1,0,90, online 
ORD-048,03-03-2023,Wendy White,Rochester,NY,Clothing,Shorts,35,3,0,8,Offline
ORD-049,3/4/2023,Xander Xavier,Yonkers,NY,Furniture,Cabinet,-350,1,0,-25,Online
ORD-050,5-Mar-2023,Yolanda Young,Syracuse,NY,Electronics,Router,85,2,0.1,18,Offline
ORD-051,3/6/2023,Zachary Zane,Albany,NY,Clothing,Socks,18,5,0,6,Online
ORD-044,27-Feb-2023,Sarah Smith,Pasadena,TX,Electronics,Smartwatch,210,1,0,45,Offline
ORD-052,2023-03-07,Alice Anderson,New Rochelle,NY,Furniture,Stool,45,4,0,12,Offline
ORD-053,08-03-2023,Bob Barker,Mount Vernon,NY,Electronics,Keyboard,55,2,0,12,Online
ORD-054,3/9/2023,Charlie Chaplin,,NY,Clothing,Hat,22,1,0,6,Offline
ORD-055,10-Mar-2023,David Duchovny,Schenectady,NY,Furniture,Lamp,65,2,0.1,12,Online
ORD-056,3/11/2023,Eve Ensler,Utica,NY,Electronics,Mouse,28,3,0,6, offline
ORD-057,3/12/2023, Frank Sinatra ,Los Angeles,CA,Electronics,Laptop,1150,1,0.1,140,Online
ORD-058,2023-03-13,grace kelly,san diego,CA, Clothing ,T-Shirt, 22 ,2,0,8,Offline
ORD-059,14-Mar-2023,Humphrey Bogart,,CA,Furniture,Desk,-480,1,0,-45,Online
ORD-060,3/15/2023,ingrid bergman,San Jose,CA,Electronics,Smartphone,820,1,0.05,105, online 
ORD-061,3/16/2023,James Dean,San Francisco,CA,Clothing,Jeans,52,3,0,16,Offline
ORD-062,17-03-2023,Katharine Hepburn,Fresno,CA, Furniture ,Chair,155,4,0.1,21,Offline
ORD-063,3/18/2023,Marlon Brando,Sacramento,CA,Electronics,Tablet,305,2,0,42,Online
ORD-064,3/19/2023,Norma Jean,,CA,Clothing,Dress,78,1,0.2,16,Offline
ORD-065,20-Mar-2023,Orson Welles,Long Beach,CA,Furniture,Sofa,920,1,0.15,105,Online
ORD-066,3/21/2023,Paul Newman,Oakland,CA,Electronics,Headphones,105,0,0,22, offline
ORD-067,3/22/2023,Quincy Jones,Bakersfield,CA,Clothing,Shoes,125,-1,0,32,Online
ORD-068,2023-03-23,Rita Hayworth,Anaheim,CA,Furniture,Table,355,1,0.1,42,Offline
ORD-069,24-03-2023,Steve McQueen,Santa Ana,CA,Electronics,Monitor,255,2,0.05,32,Online
ORD-070,3/25/2023,Tony Curtis,Riverside,CA,Clothing,Jacket,155,1,0,28,Offline
ORD-071,3/26/2023,Uma Thurman,Stockton,CA,Furniture,Bookshelf,205,1,0.1,22,Online
ORD-065,20-Mar-2023,Orson Welles,Long Beach,CA,Furniture,Sofa,920,1,0.15,105,Online
ORD-072,27-Mar-2023,Vivien Leigh,Chula Vista,CA,Electronics,Smartwatch,205,1,0,42,Offline
ORD-073,3/28/2023,William Holden,Irvine,CA,Clothing,Sweater,62,2,0.1,11,Online
ORD-074,3/29/2023,Xena Warrior,,CA,Furniture,Bed,1020,1,0.2,155,Offline
ORD-075,2023-03-30,Yul Brynner,Fremont,CA,Electronics,Camera,620,1,0,85, online 
ORD-076,31-03-2023,Zsa Zsa Gabor,San Bernardino,CA,Clothing,Shorts,32,3,0,6,Offline
ORD-077,4/1/2023,Adam West,Modesto,CA,Furniture,Cabinet,-320,1,0,-22,Online
ORD-078,2-Apr-2023,Burt Ward,Fontana,CA,Electronics,Router,82,2,0.1,16,Offline
ORD-079,4/3/2023,Cesar Romero,Oxnard,CA,Clothing,Socks,16,5,0,5,Online
ORD-080,2023-04-04,Eartha Kitt,Moreno Valley,CA,Furniture,Stool,42,4,0,11,Offline
ORD-081,05-04-2023,Frank Gorshin,Huntington Beach,CA,Electronics,Keyboard,52,2,0,11,Online
ORD-082,4/6/2023,Julie Newmar,,CA,Clothing,Hat,21,1,0,5,Offline
ORD-083,7-Apr-2023,Lee Meriwether,Glendale,CA,Furniture,Lamp,62,2,0.1,11,Online
ORD-084,4/8/2023,Burgess Meredith,Santa Clarita,CA,Electronics,Mouse,26,3,0,5, offline
ORD-085,4/9/2023, Alan Rickman ,Chicago,IL,Electronics,Laptop,1180,1,0.1,145,Online
ORD-086,2023-04-10,maggie smith,aurora,IL, Clothing ,T-Shirt, 24 ,2,0,9,Offline
ORD-087,11-Apr-2023,Richard Harris,,IL,Furniture,Desk,-490,1,0,-48,Online
ORD-088,4/12/2023,michael gambon,Naperville,IL,Electronics,Smartphone,810,1,0.05,102, online 
ORD-089,4/13/2023,Robbie Coltrane,Joliet,IL,Clothing,Jeans,51,3,0,15,Offline
ORD-090,14-04-2023,Fiona Shaw,Rockford,IL, Furniture ,Chair,152,4,0.1,20,Offline
ORD-091,4/15/2023,Emma Watson,Springfield,IL,Electronics,Tablet,302,2,0,41,Online
ORD-092,4/16/2023,Rupert Grint,,IL,Clothing,Dress,76,1,0.2,15,Offline
ORD-093,17-Apr-2023,Daniel Radcliffe,Peoria,IL,Furniture,Sofa,910,1,0.15,102,Online
ORD-087,11-Apr-2023,Richard Harris,,IL,Furniture,Desk,-490,1,0,-48,Online
ORD-094,4/18/2023,Tom Felton,Elgin,IL,Electronics,Headphones,102,0,0,21, offline
ORD-095,4/19/2023,Matthew Lewis,Waukegan,IL,Clothing,Shoes,122,-1,0,31,Online
ORD-096,2023-04-20,Evanna Lynch,Cicero,IL,Furniture,Table,352,1,0.1,41,Offline
ORD-097,21-04-2023,Bonnie Wright,Champaign,IL,Electronics,Monitor,252,2,0.05,31,Online
ORD-098,4/22/2023,James Phelps,Bloomington,IL,Clothing,Jacket,152,1,0,26,Offline
ORD-099,4/23/2023,Oliver Phelps,Arlington Heights,IL,Furniture,Bookshelf,202,1,0.1,21,Online
ORD-100,24-Apr-2023,Mark Williams,Evanston,IL,Electronics,Smartwatch,202,1,0,41,Offline
ORD-101,4/25/2023,Julie Walters,Decatur,IL,Clothing,Sweater,61,2,0.1,10,Online
ORD-102,4/26/2023,Jason Isaacs,,IL,Furniture,Bed,1010,1,0.2,152,Offline
ORD-103,2023-04-27,Helen McCrory,Oak Lawn,IL,Electronics,Camera,610,1,0,82, online 
ORD-104,28-04-2023,Gary Oldman,Berwyn,IL,Clothing,Shorts,31,3,0,5,Offline
ORD-105,4/29/2023,David Thewlis,Mount Prospect,IL,Furniture,Cabinet,-310,1,0,-21,Online
ORD-106,30-Apr-2023,Timothy Spall,Wheaton,IL,Electronics,Router,81,2,0.1,15,Offline
ORD-107,5/1/2023,Natalia Tena,Normal,IL,Clothing,Socks,15,5,0,5,Online
ORD-108,2023-05-02,David Bradley,Hoffman Estates,IL,Furniture,Stool,41,4,0,10,Offline
ORD-109,03-05-2023,Warwick Davis,Oak Park,IL,Electronics,Keyboard,51,2,0,10,Online
ORD-110,5/4/2023,John Hurt,,IL,Clothing,Hat,20,1,0,5,Offline
ORD-111,5-May-2023,Richard Griffiths,Downers Grove,IL,Furniture,Lamp,61,2,0.1,10,Online
ORD-112,5/6/2023,Ian Hart,Glenview,IL,Electronics,Mouse,25,3,0,5, offline
ORD-113,5/7/2023, Meryl Streep ,Houston,TX,Electronics,Laptop,1190,1,0.1,148,Online
ORD-114,2023-05-08,tom hanks,san antonio,TX, Clothing ,T-Shirt, 26 ,2,0,11,Offline
ORD-115,09-May-2023,Denzel Washington,,TX,Furniture,Desk,-510,1,0,-52,Online
ORD-116,5/10/2023,leonardo dicaprio,Dallas,TX,Electronics,Smartphone,830,1,0.05,108, online 
ORD-117,5/11/2023,Brad Pitt,Austin,TX,Clothing,Jeans,54,3,0,17,Offline
ORD-118,12-05-2023,Johnny Depp,Fort Worth,TX, Furniture ,Chair,158,4,0.1,23,Offline
ORD-119,5/13/2023,Robert De Niro,El Paso,TX,Electronics,Tablet,308,2,0,44,Online
ORD-120,5/14/2023,Al Pacino,,TX,Clothing,Dress,79,1,0.2,17,Offline
ORD-121,15-May-2023,Jack Nicholson,Arlington,TX,Furniture,Sofa,940,1,0.15,108,Online
ORD-117,5/11/2023,Brad Pitt,Austin,TX,Clothing,Jeans,54,3,0,17,Offline
ORD-122,5/16/2023,Morgan Freeman,Corpus Christi,TX,Electronics,Headphones,108,0,0,24, offline
ORD-123,5/17/2023,Anthony Hopkins,Plano,TX,Clothing,Shoes,128,-1,0,34,Online
ORD-124,2023-05-18,Dustin Hoffman,Laredo,TX,Furniture,Table,358,1,0.1,44,Offline
ORD-125,19-05-2023,Tom Cruise,Lubbock,TX,Electronics,Monitor,258,2,0.05,34,Online
ORD-126,5/20/2023,Harrison Ford,Garland,TX,Clothing,Jacket,158,1,0,29,Offline
ORD-127,5/21/2023,Samuel L. Jackson,Irving,TX,Furniture,Bookshelf,208,1,0.1,24,Online
ORD-128,22-May-2023,Will Smith,Amarillo,TX,Electronics,Smartwatch,208,1,0,44,Offline
ORD-129,5/23/2023,Clint Eastwood,Grand Prairie,TX,Clothing,Sweater,64,2,0.1,13,Online
ORD-130,5/24/2023,Christian Bale,,TX,Furniture,Bed,1040,1,0.2,158,Offline
ORD-131,2023-05-25,Matt Damon,Brownsville,TX,Electronics,Camera,640,1,0,88, online 
ORD-132,26-05-2023,George Clooney,Pasadena,TX,Clothing,Shorts,34,3,0,7,Offline
ORD-133,5/27/2023,Joaquin Phoenix,McKinney,TX,Furniture,Cabinet,-340,1,0,-24,Online
ORD-134,28-May-2023,Matthew McConaughey,Mesquite,TX,Electronics,Router,84,2,0.1,17,Offline
ORD-135,5/29/2023,Chris Evans,Killeen,TX,Clothing,Socks,17,5,0,7,Online
ORD-136,2023-05-30,Chris Hemsworth,Frisco,TX,Furniture,Stool,44,4,0,13,Offline
ORD-137,31-05-2023,Robert Downey Jr.,McAllen,TX,Electronics,Keyboard,54,2,0,13,Online
ORD-138,6/1/2023,Mark Ruffalo,,TX,Clothing,Hat,24,1,0,7,Offline
ORD-139,2-Jun-2023,Scarlett Johansson,Waco,TX,Furniture,Lamp,64,2,0.1,13,Online
ORD-140,6/3/2023,Jeremy Renner,Carrollton,TX,Electronics,Mouse,29,3,0,7, offline
ORD-141,6/4/2023, Anne Hathaway ,Philadelphia,PA,Electronics,Laptop,1210,1,0.1,152,Online
ORD-142,2023-06-05,natalie portman,pittsburgh,PA, Clothing ,T-Shirt, 27 ,2,0,12,Offline
ORD-143,06-Jun-2023,Emma Stone,,PA,Furniture,Desk,-520,1,0,-54,Online
ORD-144,6/7/2023,jennifer lawrence,Allentown,PA,Electronics,Smartphone,840,1,0.05,112, online 
ORD-145,6/8/2023,Angelina Jolie,Erie,PA,Clothing,Jeans,56,3,0,19,Offline
ORD-146,09-06-2023,Charlize Theron,Reading,PA, Furniture ,Chair,162,4,0.1,24,Offline
ORD-147,6/10/2023,Julia Roberts,Scranton,PA,Electronics,Tablet,312,2,0,46,Online
ORD-148,6/11/2023,Nicole Kidman,,PA,Clothing,Dress,82,1,0.2,19,Offline
ORD-149,12-Jun-2023,Cate Blanchett,Bethlehem,PA,Furniture,Sofa,960,1,0.15,112,Online
ORD-150,6/13/2023,Sandra Bullock,Lancaster,PA,Electronics,Headphones,112,0,0,26, offline
ORD-144,6/7/2023,jennifer lawrence,Allentown,PA,Electronics,Smartphone,840,1,0.05,112, online 
ORD-151,6/14/2023,Amy Adams,Harrisburg,PA,Clothing,Shoes,132,-1,0,36,Online
ORD-152,2023-06-15,Reese Witherspoon,Altoona,PA,Furniture,Table,362,1,0.1,46,Offline
ORD-153,16-06-2023,Kate Winslet,York,PA,Electronics,Monitor,262,2,0.05,36,Online
ORD-154,6/17/2023,Halle Berry,State College,PA,Clothing,Jacket,162,1,0,31,Offline
ORD-155,6/18/2023,Cameron Diaz,Wilkes-Barre,PA,Furniture,Bookshelf,212,1,0.1,26,Online
ORD-156,19-Jun-2023,Drew Barrymore,Norristown,PA,Electronics,Smartwatch,212,1,0,46,Offline
ORD-157,6/20/2023,Penelope Cruz,Chester,PA,Clothing,Sweater,66,2,0.1,14,Online
ORD-158,6/21/2023,Salma Hayek,,PA,Furniture,Bed,1060,1,0.2,162,Offline
ORD-159,2023-06-22,Jennifer Aniston,Bethel Park,PA,Electronics,Camera,660,1,0,92, online 
ORD-160,23-06-2023,Courteney Cox,Williamsport,PA,Clothing,Shorts,36,3,0,8,Offline
ORD-161,6/24/2023,Lisa Kudrow,Monroeville,PA,Furniture,Cabinet,-360,1,0,-26,Online
ORD-162,25-Jun-2023,Gwyneth Paltrow,Plum,PA,Electronics,Router,86,2,0.1,19,Offline
ORD-163,6/26/2023,Megan Fox,Easton,PA,Clothing,Socks,19,5,0,8,Online
ORD-164,2023-06-27,Jessica Alba,Lebanon,PA,Furniture,Stool,46,4,0,14,Offline
ORD-165,28-06-2023,Scarlett Johansson,Hazleton,PA,Electronics,Keyboard,56,2,0,14,Online
ORD-166,6/29/2023,Mila Kunis,,PA,Clothing,Hat,26,1,0,8,Offline
ORD-167,30-Jun-2023,Natalie Portman,New Castle,PA,Furniture,Lamp,66,2,0.1,14,Online
ORD-168,7/1/2023,Keira Knightley,Pottstown,PA,Electronics,Mouse,31,3,0,8, offline
ORD-169,7/2/2023, Daniel Craig ,Phoenix,AZ,Electronics,Laptop,1220,1,0.1,155,Online
ORD-170,2023-07-03,sean connery,tucson,AZ, Clothing ,T-Shirt, 28 ,2,0,13,Offline
ORD-171,04-Jul-2023,Roger Moore,,AZ,Furniture,Desk,-530,1,0,-56,Online
ORD-172,7/5/2023,pierce brosnan,Mesa,AZ,Electronics,Smartphone,860,1,0.05,115, online 
ORD-173,7/6/2023,Timothy Dalton,Chandler,AZ,Clothing,Jeans,58,3,0,21,Offline
ORD-174,07-07-2023,George Lazenby,Glendale,AZ, Furniture ,Chair,165,4,0.1,25,Offline
ORD-175,7/8/2023,Judi Dench,Scottsdale,AZ,Electronics,Tablet,315,2,0,48,Online
ORD-176,7/9/2023,Ralph Fiennes,,AZ,Clothing,Dress,85,1,0.2,21,Offline
ORD-177,10-Jul-2023,Naomie Harris,Gilbert,AZ,Furniture,Sofa,980,1,0.15,115,Online
ORD-178,7/11/2023,Ben Whishaw,Tempe,AZ,Electronics,Headphones,115,0,0,28, offline
ORD-179,7/12/2023,Rory Kinnear,Peoria,AZ,Clothing,Shoes,135,-1,0,38,Online
ORD-180,2023-07-13,Jeffrey Wright,Surprise,AZ,Furniture,Table,365,1,0.1,48,Offline
ORD-181,14-07-2023,Léa Seydoux,Yuma,AZ,Electronics,Monitor,265,2,0.05,38,Online
ORD-182,7/15/2023,Christoph Waltz,San Tan Valley,AZ,Clothing,Jacket,165,1,0,33,Offline
ORD-183,7/16/2023,Javier Bardem,Avondale,AZ,Furniture,Bookshelf,215,1,0.1,28,Online
ORD-184,17-Jul-2023,Rami Malek,Goodyear,AZ,Electronics,Smartwatch,215,1,0,48,Offline
ORD-173,7/6/2023,Timothy Dalton,Chandler,AZ,Clothing,Jeans,58,3,0,21,Offline
ORD-185,7/18/2023,Mads Mikkelsen,Flagstaff,AZ,Clothing,Sweater,68,2,0.1,15,Online
ORD-186,7/19/2023,Mathieu Amalric,,AZ,Furniture,Bed,1080,1,0.2,165,Offline
ORD-187,2023-07-20,Toby Stephens,Buckeye,AZ,Electronics,Camera,680,1,0,95, online 
ORD-188,21-07-2023,Sean Bean,Lake Havasu City,AZ,Clothing,Shorts,38,3,0,9,Offline
ORD-189,7/22/2023,Robert Carlyle,Casa Grande,AZ,Furniture,Cabinet,-380,1,0,-28,Online
ORD-190,23-Jul-2023,Sophie Marceau,Sierra Vista,AZ,Electronics,Router,88,2,0.1,21,Offline
ORD-191,7/24/2023,Famke Janssen,Maricopa,AZ,Clothing,Socks,21,5,0,9,Online
ORD-192,2023-07-25,Izabella Scorupco,Oro Valley,AZ,Furniture,Stool,48,4,0,15,Offline
ORD-193,26-07-2023,Carey Lowell,Prescott,AZ,Electronics,Keyboard,58,2,0,15,Online
ORD-194,7/27/2023,Talisa Soto,,AZ,Clothing,Hat,28,1,0,9,Offline
ORD-195,28-Jul-2023,Maryam d'Abo,Bullhead City,AZ,Furniture,Lamp,68,2,0.1,15,Online
ORD-196,7/29/2023,Grace Jones,Prescott Valley,AZ,Electronics,Mouse,33,3,0,9, offline
ORD-197,7/30/2023, Harrison Ford ,Columbus,OH,Electronics,Laptop,1230,1,0.1,158,Online
ORD-198,2023-07-31,carrie fisher,cleveland,OH, Clothing ,T-Shirt, 29 ,2,0,14,Offline
ORD-199,01-Aug-2023,Mark Hamill,,OH,Furniture,Desk,-540,1,0,-58,Online
ORD-200,8/2/2023,alec guinness,Cincinnati,OH,Electronics,Smartphone,880,1,0.05,118, online 
ORD-201,8/3/2023,Peter Mayhew,Toledo,OH,Clothing,Jeans,60,3,0,23,Offline
ORD-202,04-08-2023,Anthony Daniels,Akron,OH, Furniture ,Chair,168,4,0.1,26,Offline
ORD-203,8/5/2023,Kenny Baker,Dayton,OH,Electronics,Tablet,318,2,0,50,Online
ORD-204,8/6/2023,Billy Dee Williams,,OH,Clothing,Dress,88,1,0.2,23,Offline
ORD-205,07-Aug-2023,Frank Oz,Parma,OH,Furniture,Sofa,990,1,0.15,118,Online
ORD-206,8/8/2023,David Prowse,Canton,OH,Electronics,Headphones,118,0,0,30, offline
ORD-207,8/9/2023,James Earl Jones,Youngstown,OH,Clothing,Shoes,138,-1,0,40,Online
ORD-208,2023-08-10,Ian McDiarmid,Lorain,OH,Furniture,Table,368,1,0.1,50,Offline
ORD-209,11-08-2023,Ewan McGregor,Hamilton,OH,Electronics,Monitor,268,2,0.05,40,Online
ORD-210,8/12/2023,Natalie Portman,Springfield,OH,Clothing,Jacket,168,1,0,35,Offline
ORD-202,04-08-2023,Anthony Daniels,Akron,OH, Furniture ,Chair,168,4,0.1,26,Offline
ORD-211,8/13/2023,Hayden Christensen,Kettering,OH,Furniture,Bookshelf,218,1,0.1,30,Online
ORD-212,14-Aug-2023,Liam Neeson,Elyria,OH,Electronics,Smartwatch,218,1,0,50,Offline
ORD-213,8/15/2023,Samuel L. Jackson,Lakewood,OH,Clothing,Sweater,70,2,0.1,16,Online
ORD-214,8/16/2023,Christopher Lee,,OH,Furniture,Bed,1100,1,0.2,168,Offline
ORD-215,2023-08-17,Jimmy Smits,Cuyahoga Falls,OH,Electronics,Camera,700,1,0,98, online 
ORD-216,18-08-2023,Daisy Ridley,Euclid,OH,Clothing,Shorts,40,3,0,10,Offline
ORD-217,8/19/2023,John Boyega,Middletown,OH,Furniture,Cabinet,-400,1,0,-30,Online
ORD-218,20-Aug-2023,Oscar Isaac,Mansfield,OH,Electronics,Router,90,2,0.1,23,Offline
ORD-219,8/21/2023,Adam Driver,Newark,OH,Clothing,Socks,23,5,0,10,Online
ORD-220,2023-08-22,Domhnall Gleeson,Strongsville,OH,Furniture,Stool,50,4,0,16,Offline
ORD-221,23-08-2023,Gwendoline Christie,Fairfield,OH,Electronics,Keyboard,60,2,0,16,Online
ORD-222,8/24/2023,Andy Serkis,,OH,Clothing,Hat,30,1,0,10,Offline
ORD-223,25-Aug-2023,Lupita Nyong'o,Findlay,OH,Furniture,Lamp,70,2,0.1,16,Online
ORD-224,8/26/2023,Kelly Marie Tran,Warren,OH,Electronics,Mouse,35,3,0,10, offline
ORD-225,8/27/2023, Chris Pine ,Charlotte,NC,Electronics,Laptop,1240,1,0.1,160,Online
ORD-226,2023-08-28,zachary quinto,raleigh,NC, Clothing ,T-Shirt, 30 ,2,0,15,Offline
ORD-227,29-Aug-2023,Karl Urban,,NC,Furniture,Desk,-550,1,0,-60,Online
ORD-228,8/30/2023,zoe saldana,Greensboro,NC,Electronics,Smartphone,900,1,0.05,120, online 
ORD-229,8/31/2023,Simon Pegg,Durham,NC,Clothing,Jeans,62,3,0,25,Offline
ORD-230,01-09-2023,John Cho,Winston-Salem,NC, Furniture ,Chair,170,4,0.1,28,Offline
ORD-231,9/2/2023,Anton Yelchin,Fayetteville,NC,Electronics,Tablet,320,2,0,52,Online
ORD-232,9/3/2023,Bruce Greenwood,,NC,Clothing,Dress,90,1,0.2,25,Offline
ORD-233,04-Sep-2023,Eric Bana,Cary,NC,Furniture,Sofa,1000,1,0.15,120,Online
ORD-234,9/5/2023,Winona Ryder,Wilmington,NC,Electronics,Headphones,120,0,0,32, offline
ORD-230,01-09-2023,John Cho,Winston-Salem,NC, Furniture ,Chair,170,4,0.1,28,Offline
ORD-235,9/6/2023,Chris Hemsworth,High Point,NC,Clothing,Shoes,140,-1,0,42,Online
ORD-236,2023-09-07,Alice Eve,Concord,NC,Furniture,Table,370,1,0.1,52,Offline
ORD-237,08-09-2023,Peter Weller,Asheville,NC,Electronics,Monitor,270,2,0.05,42,Online
ORD-238,9/9/2023,Idris Elba,Greenville,NC,Clothing,Jacket,170,1,0,37,Offline
ORD-239,9/10/2023,Sofia Boutella,Gastonia,NC,Furniture,Bookshelf,220,1,0.1,32,Online
ORD-240,11-Sep-2023,Joe Taslim,Jacksonville,NC,Electronics,Smartwatch,220,1,0,52,Offline
ORD-241,9/12/2023,Patrick Stewart,Huntersville,NC,Clothing,Sweater,72,2,0.1,17,Online
ORD-242,9/13/2023,Jonathan Frakes,,NC,Furniture,Bed,1120,1,0.2,170,Offline
ORD-243,2023-09-14,LeVar Burton,Chapel Hill,NC,Electronics,Camera,720,1,0,100, online 
ORD-244,15-09-2023,Marina Sirtis,Burlington,NC,Clothing,Shorts,42,3,0,11,Offline
ORD-245,9/16/2023,Brent Spiner,Apex,NC,Furniture,Cabinet,-420,1,0,-32,Online
ORD-246,17-Sep-2023,Michael Dorn,Kannapolis,NC,Electronics,Router,92,2,0.1,25,Offline
ORD-247,9/18/2023,Gates McFadden,Rocky Mount,NC,Clothing,Socks,25,5,0,11,Online
ORD-248,2023-09-19,Wil Wheaton,Mooresville,NC,Furniture,Stool,52,4,0,17,Offline
ORD-249,20-09-2023,Colm Meaney,Wake Forest,NC,Electronics,Keyboard,62,2,0,17,Online
ORD-250,9/21/2023,Whoopi Goldberg,,NC,Clothing,Hat,32,1,0,11,Offline
ORD-251,22-Sep-2023,Avery Brooks,Hickory,NC,Furniture,Lamp,72,2,0.1,17,Online
ORD-252,9/23/2023,Rene Auberjonois,Holly Springs,NC,Electronics,Mouse,37,3,0,11, offline
ORD-253,9/24/2023, Terry Farrell ,Seattle,WA,Electronics,Laptop,1250,1,0.1,162,Online
ORD-254,2023-09-25,alexander siddig,spokane,WA, Clothing ,T-Shirt, 31 ,2,0,16,Offline
ORD-255,26-Sep-2023,Nana Visitor,,WA,Furniture,Desk,-560,1,0,-62,Online
ORD-256,9/27/2023,michael dorn,Tacoma,WA,Electronics,Smartphone,920,1,0.05,122, online 
ORD-257,9/28/2023,Armin Shimerman,Vancouver,WA,Clothing,Jeans,64,3,0,27,Offline
ORD-258,29-09-2023,Cirroc Lofton,Bellevue,WA, Furniture ,Chair,172,4,0.1,30,Offline
ORD-259,9/30/2023,Kate Mulgrew,Kent,WA,Electronics,Tablet,322,2,0,54,Online
ORD-255,26-Sep-2023,Nana Visitor,,WA,Furniture,Desk,-560,1,0,-62,Online
ORD-260,10/1/2023,Robert Beltran,,WA,Clothing,Dress,92,1,0.2,27,Offline
ORD-261,02-Oct-2023,Roxann Dawson,Everett,WA,Furniture,Sofa,1020,1,0.15,122,Online
ORD-262,10/3/2023,Robert Duncan McNeill,Renton,WA,Electronics,Headphones,122,0,0,34, offline
ORD-263,10/4/2023,Ethan Phillips,Spokane Valley,WA,Clothing,Shoes,142,-1,0,44,Online
ORD-264,2023-10-05,Robert Picardo,Federal Way,WA,Furniture,Table,372,1,0.1,54,Offline
ORD-265,06-10-2023,Tim Russ,Yakima,WA,Electronics,Monitor,272,2,0.05,44,Online
ORD-266,10/7/2023,Garrett Wang,Bellingham,WA,Clothing,Jacket,172,1,0,39,Offline
ORD-267,10/8/2023,Jeri Ryan,Kirkland,WA,Furniture,Bookshelf,222,1,0.1,34,Online
ORD-268,09-Oct-2023,Scott Bakula,Kennewick,WA,Electronics,Smartwatch,222,1,0,54,Offline
ORD-269,10/10/2023,Jolene Blalock,Auburn,WA,Clothing,Sweater,74,2,0.1,18,Online
ORD-270,10/11/2023,Connor Trinneer,,WA,Furniture,Bed,1140,1,0.2,172,Offline
ORD-271,2023-10-12,Dominic Keating,Pasco,WA,Electronics,Camera,740,1,0,102, online 
ORD-272,13-10-2023,Linda Park,Marysville,WA,Clothing,Shorts,44,3,0,12,Offline
ORD-273,10/14/2023,Anthony Montgomery,Lakewood,WA,Furniture,Cabinet,-440,1,0,-34,Online
ORD-274,15-Oct-2023,John Billingsley,Redmond,WA,Electronics,Router,94,2,0.1,27,Offline
ORD-275,10/16/2023,Jason Isaacs,Shoreline,WA,Clothing,Socks,27,5,0,12,Online
ORD-276,2023-10-17,Sonequa Martin-Green,Richland,WA,Furniture,Stool,54,4,0,18,Offline
ORD-277,18-10-2023,Doug Jones,Sammamish,WA,Electronics,Keyboard,64,2,0,18,Online
ORD-278,10/19/2023,Anthony Rapp,,WA,Clothing,Hat,34,1,0,12,Offline
ORD-279,20-Oct-2023,Mary Wiseman,Burien,WA,Furniture,Lamp,74,2,0.1,18,Online
ORD-280,10/21/2023,Wilson Cruz,Olympia,WA,Electronics,Mouse,39,3,0,12, offline
ORD-281,10/22/2023, Anson Mount ,Denver,CO,Electronics,Laptop,1260,1,0.1,164,Online
ORD-282,2023-10-23,ethan peck,colorado springs,CO, Clothing ,T-Shirt, 32 ,2,0,17,Offline
ORD-283,24-Oct-2023,Rebecca Romijn,,CO,Furniture,Desk,-570,1,0,-64,Online
ORD-284,10/25/2023,jess bush,Aurora,CO,Electronics,Smartphone,940,1,0.05,124, online 
ORD-285,10/26/2023,Christina Chong,Fort Collins,CO,Clothing,Jeans,66,3,0,29,Offline
ORD-286,27-10-2023,Celia Rose Gooding,Lakewood,CO, Furniture ,Chair,174,4,0.1,32,Offline
ORD-287,10/28/2023,Melissa Navia,Thornton,CO,Electronics,Tablet,324,2,0,56,Online
ORD-281,10/22/2023, Anson Mount ,Denver,CO,Electronics,Laptop,1260,1,0.1,164,Online
ORD-288,10/29/2023,Babs Olusanmokun,,CO,Clothing,Dress,94,1,0.2,29,Offline
ORD-289,30-Oct-2023,Bruce Campbell,Arvada,CO,Furniture,Sofa,1040,1,0.15,124,Online
ORD-290,10/31/2023,Ellen Sandweiss,Westminster,CO,Electronics,Headphones,124,0,0,36, offline
ORD-291,11/1/2023,Richard DeManincor,Pueblo,CO,Clothing,Shoes,144,-1,0,46,Online
ORD-292,2023-11-02,Betsy Baker,Centennial,CO,Furniture,Table,374,1,0.1,56,Offline
ORD-293,03-11-2023,Theresa Tilly,Boulder,CO,Electronics,Monitor,274,2,0.05,46,Online
ORD-294,11/4/2023,Sarah Michelle Gellar,Greeley,CO,Clothing,Jacket,174,1,0,41,Offline
ORD-295,11/5/2023,Nicholas Brendon,Longmont,CO,Furniture,Bookshelf,224,1,0.1,36,Online
ORD-296,06-Nov-2023,Alyson Hannigan,Loveland,CO,Electronics,Smartwatch,224,1,0,56,Offline
ORD-297,11/7/2023,Charisma Carpenter,Grand Junction,CO,Clothing,Sweater,76,2,0.1,19,Online
ORD-298,11/8/2023,Anthony Head,,CO,Furniture,Bed,1160,1,0.2,174,Offline
ORD-299,2023-11-09,David Boreanaz,Broomfield,CO,Electronics,Camera,760,1,0,104, online 
ORD-300,10-11-2023,Seth Green,Castle Rock,CO,Clothing,Shorts,46,3,0,13,Offline
ORD-301,11/11/2023,James Marsters,Commerce City,CO,Furniture,Cabinet,-460,1,0,-36,Online
ORD-302,12-Nov-2023,Marc Blucas,Parker,CO,Electronics,Router,96,2,0.1,29,Offline
ORD-303,11/13/2023,Emma Caulfield,Littleton,CO,Clothing,Socks,29,5,0,13,Online
ORD-304,2023-11-14,Michelle Trachtenberg,Northglenn,CO,Furniture,Stool,56,4,0,19,Offline
ORD-305,15-11-2023,Amber Benson,Brighton,CO,Electronics,Keyboard,66,2,0,19,Online
ORD-306,11/16/2023,Eliza Dushku,,CO,Clothing,Hat,36,1,0,13,Offline
ORD-307,17-Nov-2023,Gillian Anderson,Security-Widefield,CO,Furniture,Lamp,76,2,0.1,19,Online
ORD-308,11/18/2023,David Duchovny,Ken Caryl,CO,Electronics,Mouse,41,3,0,13, offline
ORD-306,11/16/2023,Eliza Dushku,,CO,Clothing,Hat,36,1,0,13,Offline
ORD-309,11/19/2023, Mitch Pileggi ,Washington,DC,Electronics,Laptop,1270,1,0.1,166,Online
ORD-310,2023-11-20,william b. davis,washington,DC, Clothing ,T-Shirt, 33 ,2,0,18,Offline
ORD-311,21-Nov-2023,Tom Braidwood,,DC,Furniture,Desk,-580,1,0,-66,Online
ORD-312,11/22/2023,bruce harwood,Washington,DC,Electronics,Smartphone,960,1,0.05,126, online 
ORD-313,11/23/2023,Dean Haglund,Washington,DC,Clothing,Jeans,68,3,0,31,Offline
ORD-314,24-11-2023,Jerry Seinfeld,Washington,DC, Furniture ,Chair,176,4,0.1,34,Offline
ORD-315,11/25/2023,Julia Louis-Dreyfus,Washington,DC,Electronics,Tablet,326,2,0,58,Online
ORD-316,11/26/2023,Michael Richards,,DC,Clothing,Dress,96,1,0.2,31,Offline
ORD-317,27-Nov-2023,Jason Alexander,Washington,DC,Furniture,Sofa,1060,1,0.15,126,Online
ORD-318,11/28/2023,Wayne Knight,Washington,DC,Electronics,Headphones,126,0,0,38, offline
ORD-319,11/29/2023,Steve Carell,Washington,DC,Clothing,Shoes,146,-1,0,48,Online
ORD-320,2023-11-30,Rainn Wilson,Washington,DC,Furniture,Table,376,1,0.1,58,Offline
ORD-321,01-12-2023,John Krasinski,Washington,DC,Electronics,Monitor,276,2,0.05,48,Online
ORD-322,12/2/2023,Jenna Fischer,Washington,DC,Clothing,Jacket,176,1,0,43,Offline
ORD-323,12/3/2023,B.J. Novak,Washington,DC,Furniture,Bookshelf,226,1,0.1,38,Online
ORD-324,04-Dec-2023,Ed Helms,Washington,DC,Electronics,Smartwatch,226,1,0,58,Offline
ORD-325,12/5/2023,James Spader,Washington,DC,Clothing,Sweater,78,2,0.1,20,Online
ORD-326,12/6/2023,Matthew Perry,,DC,Furniture,Bed,1180,1,0.2,176,Offline
ORD-327,2023-12-07,Courteney Cox,Washington,DC,Electronics,Camera,780,1,0,106, online 
ORD-328,08-12-2023,Lisa Kudrow,Washington,DC,Clothing,Shorts,48,3,0,14,Offline
ORD-329,12/9/2023,Matt LeBlanc,Washington,DC,Furniture,Cabinet,-480,1,0,-38,Online
ORD-321,01-12-2023,John Krasinski,Washington,DC,Electronics,Monitor,276,2,0.05,48,Online
ORD-330,10-Dec-2023,David Schwimmer,Washington,DC,Electronics,Router,98,2,0.1,31,Offline
ORD-331,12/11/2023,Kiefer Sutherland,Washington,DC,Clothing,Socks,31,5,0,14,Online
ORD-332,2023-12-12,Mary Lynn Rajskub,Washington,DC,Furniture,Stool,58,4,0,20,Offline
ORD-333,13-12-2023,Carlos Bernard,Washington,DC,Electronics,Keyboard,68,2,0,20,Online
ORD-334,12/14/2023,Dennis Haysbert,,DC,Clothing,Hat,38,1,0,14,Offline
ORD-335,15-Dec-2023,Elisha Cuthbert,Washington,DC,Furniture,Lamp,78,2,0.1,20,Online
ORD-336,12/16/2023,Reiko Aylesworth,Washington,DC,Electronics,Mouse,43,3,0,14, offline
ORD-337,12/17/2023, Hugh Laurie ,Boston,MA,Electronics,Laptop,1280,1,0.1,168,Online
ORD-338,2023-12-18,lisa edelstein,worcester,MA, Clothing ,T-Shirt, 34 ,2,0,19,Offline
ORD-339,19-Dec-2023,Omar Epps,,MA,Furniture,Desk,-590,1,0,-68,Online
ORD-340,12/20/2023,robert sean leonard,Springfield,MA,Electronics,Smartphone,980,1,0.05,128, online 
ORD-341,12/21/2023,Jesse Spencer,Cambridge,MA,Clothing,Jeans,70,3,0,33,Offline
ORD-342,22-12-2023,Jennifer Morrison,Lowell,MA, Furniture ,Chair,178,4,0.1,36,Offline
ORD-343,12/23/2023,Peter Jacobson,Brockton,MA,Electronics,Tablet,328,2,0,60,Online
ORD-344,12/24/2023,Olivia Wilde,,MA,Clothing,Dress,98,1,0.2,33,Offline
ORD-345,25-Dec-2023,Kal Penn,New Bedford,MA,Furniture,Sofa,1080,1,0.15,128,Online
ORD-346,12/26/2023,Amber Tamblyn,Quincy,MA,Electronics,Headphones,128,0,0,40, offline
ORD-344,12/24/2023,Olivia Wilde,,MA,Clothing,Dress,98,1,0.2,33,Offline
ORD-347,12/27/2023,Odette Annable,Lynn,MA,Clothing,Shoes,148,-1,0,50,Online
ORD-348,2023-12-28,Charlyne Yi,Fall River,MA,Furniture,Table,378,1,0.1,60,Offline
ORD-349,29-12-2023,Patrick Dempsey,Newton,MA,Electronics,Monitor,278,2,0.05,50,Online
ORD-350,12/30/2023,Ellen Pompeo,Somerville,MA,Clothing,Jacket,178,1,0,45,Offline
ORD-351,12/31/2023,Sandra Oh,Lawrence,MA,Furniture,Bookshelf,228,1,0.1,40,Online
ORD-352,01-Jan-2024,Justin Chambers,Waltham,MA,Electronics,Smartwatch,228,1,0,60,Offline
ORD-353,1/2/2024,Chandra Wilson,Haverhill,MA,Clothing,Sweater,80,2,0.1,21,Online
ORD-354,1/3/2024,James Pickens Jr.,,MA,Furniture,Bed,1200,1,0.2,178,Offline
ORD-355,2024-01-04,Sara Ramirez,Malden,MA,Electronics,Camera,800,1,0,108, online 
ORD-356,05-01-2024,Eric Dane,Medford,MA,Clothing,Shorts,50,3,0,15,Offline
ORD-357,1/6/2024,Chyler Leigh,Taunton,MA,Furniture,Cabinet,-500,1,0,-40,Online
ORD-358,7-Jan-2024,Kevin McKidd,Chicopee,MA,Electronics,Router,100,2,0.1,33,Offline
ORD-359,1/8/2024,Jessica Capshaw,Weymouth,MA,Clothing,Socks,33,5,0,15,Online
ORD-360,2024-01-09,Sarah Drew,Revere,MA,Furniture,Stool,60,4,0,21,Offline
ORD-361,10-01-2024,Jesse Williams,Peabody,MA,Electronics,Keyboard,70,2,0,21,Online
ORD-362,1/11/2024,Camilla Luddington,,MA,Clothing,Hat,40,1,0,15,Offline
ORD-363,12-Jan-2024,Jerrika Hinton,Methuen,MA,Furniture,Lamp,80,2,0.1,21,Online
ORD-364,1/13/2024,Kelly McCreary,Barnstable,MA,Electronics,Mouse,45,3,0,15, offline
ORD-365,1/14/2024, Andrew Lincoln ,Detroit,MI,Electronics,Laptop,1290,1,0.1,170,Online
ORD-366,2024-01-15,jon bernthal,grand rapids,MI, Clothing ,T-Shirt, 35 ,2,0,20,Offline
ORD-367,16-Jan-2024,Sarah Wayne Callies,,MI,Furniture,Desk,-600,1,0,-70,Online
ORD-368,1/17/2024,laurie holden,Warren,MI,Electronics,Smartphone,1000,1,0.05,130, online 
ORD-369,1/18/2024,Jeffrey DeMunn,Sterling Heights,MI,Clothing,Jeans,72,3,0,35,Offline
ORD-370,19-01-2024,Steven Yeun,Ann Arbor,MI, Furniture ,Chair,180,4,0.1,38,Offline
ORD-371,1/20/2024,Chandler Riggs,Lansing,MI,Electronics,Tablet,330,2,0,62,Online
ORD-372,1/21/2024,Norman Reedus,,MI,Clothing,Dress,100,1,0.2,35,Offline
ORD-371,1/20/2024,Chandler Riggs,Lansing,MI,Electronics,Tablet,330,2,0,62,Online
ORD-373,22-Jan-2024,Lauren Cohan,Clinton,MI,Furniture,Sofa,1100,1,0.15,130,Online
ORD-374,1/23/2024,Danai Gurira,Canton,MI,Electronics,Headphones,130,0,0,42, offline
ORD-375,1/24/2024,Michael Rooker,Dearborn,MI,Clothing,Shoes,150,-1,0,52,Online
ORD-376,2024-01-25,David Morrissey,Macomb,MI,Furniture,Table,380,1,0.1,62,Offline
ORD-377,26-01-2024,Melissa McBride,Troy,MI,Electronics,Monitor,280,2,0.05,52,Online
ORD-378,1/27/2024,Scott Wilson,Westland,MI,Clothing,Jacket,180,1,0,47,Offline
ORD-379,1/28/2024,Michael Cudlitz,Farmington Hills,MI,Furniture,Bookshelf,230,1,0.1,42,Online
ORD-380,29-Jan-2024,Emily Kinney,Flint,MI,Electronics,Smartwatch,230,1,0,62,Offline
ORD-381,1/30/2024,Chad L. Coleman,Shelby,MI,Clothing,Sweater,82,2,0.1,22,Online
ORD-382,1/31/2024,Sonequa Martin-Green,,MI,Furniture,Bed,1220,1,0.2,180,Offline
ORD-383,2024-02-01,Lawrence Gilliard Jr.,Wyoming,MI,Electronics,Camera,820,1,0,110, online 
ORD-384,02-02-2024,Alanna Masterson,Southfield,MI,Clothing,Shorts,52,3,0,16,Offline
ORD-385,2/3/2024,Michael Traynor,Kalamazoo,MI,Furniture,Cabinet,-520,1,0,-42,Online
ORD-386,4-Feb-2024,Josh McDermitt,Rochester Hills,MI,Electronics,Router,102,2,0.1,35,Offline
ORD-387,2/5/2024,Christian Serratos,Taylor,MI,Clothing,Socks,35,5,0,16,Online
ORD-388,2024-02-06,Andrew J. West,St. Clair Shores,MI,Furniture,Stool,62,4,0,22,Offline
ORD-389,07-02-2024,Seth Gilliam,Pontiac,MI,Electronics,Keyboard,72,2,0,22,Online
ORD-390,2/8/2024,Lennie James,,MI,Clothing,Hat,42,1,0,16,Offline
ORD-391,9-Feb-2024,Ross Marquand,Dearborn Heights,MI,Furniture,Lamp,82,2,0.1,22,Online
ORD-392,2/10/2024,Austin Nichols,Royal Oak,MI,Electronics,Mouse,47,3,0,16, offline
ORD-393,2/11/2024, Gabriel Macht ,Memphis,TN,Electronics,Laptop,1300,1,0.1,172,Online
ORD-394,2024-02-12,patrick j. adams,nashville,TN, Clothing ,T-Shirt, 36 ,2,0,21,Offline
ORD-395,13-Feb-2024,Rick Hoffman,,TN,Furniture,Desk,-610,1,0,-72,Online
ORD-389,07-02-2024,Seth Gilliam,Pontiac,MI,Electronics,Keyboard,72,2,0,22,Online
ORD-396,2/14/2024,meghan markle,Knoxville,TN,Electronics,Smartphone,1020,1,0.05,132, online 
ORD-397,2/15/2024,Sarah Rafferty,Chattanooga,TN,Clothing,Jeans,74,3,0,37,Offline
ORD-398,16-02-2024,Gina Torres,Clarksville,TN, Furniture ,Chair,182,4,0.1,40,Offline
ORD-399,2/17/2024,Amanda Schull,Murfreesboro,TN,Electronics,Tablet,332,2,0,64,Online
ORD-400,2/18/2024,Dulé Hill,,TN,Clothing,Dress,102,1,0.2,37,Offline
ORD-401,19-Feb-2024,Katherine Heigl,Franklin,TN,Furniture,Sofa,1120,1,0.15,132,Online
ORD-402,2/20/2024,Bryan Cranston,Jackson,TN,Electronics,Headphones,132,0,0,44, offline
ORD-403,2/21/2024,Anna Gunn,Johnson City,TN,Clothing,Shoes,152,-1,0,54,Online
ORD-404,2024-02-22,Aaron Paul,Bartlett,TN,Furniture,Table,382,1,0.1,64,Offline
ORD-405,23-02-2024,Dean Norris,Hendersonville,TN,Electronics,Monitor,282,2,0.05,54,Online
ORD-406,2/24/2024,Betsy Brandt,Kingsport,TN,Clothing,Jacket,182,1,0,49,Offline
ORD-407,2/25/2024,RJ Mitte,Collierville,TN,Furniture,Bookshelf,232,1,0.1,44,Online
ORD-408,26-Feb-2024,Bob Odenkirk,Smyrna,TN,Electronics,Smartwatch,232,1,0,64,Offline
ORD-409,2/27/2024,Giancarlo Esposito,Cleveland,TN,Clothing,Sweater,84,2,0.1,23,Online
ORD-410,2/28/2024,Jonathan Banks,,TN,Furniture,Bed,1240,1,0.2,182,Offline
ORD-411,2024-02-29,Laura Fraser,Brentwood,TN,Electronics,Camera,840,1,0,112, online 
ORD-412,01-03-2024,Jesse Plemons,Germantown,TN,Clothing,Shorts,54,3,0,17,Offline
ORD-413,3/2/2024,Jon Hamm,Columbia,TN,Furniture,Cabinet,-540,1,0,-44,Online
ORD-414,3-Mar-2024,Elisabeth Moss,Spring Hill,TN,Electronics,Router,104,2,0.1,37,Offline
ORD-415,3/4/2024,Vincent Kartheiser,Gallatin,TN,Clothing,Socks,37,5,0,17,Online
ORD-416,2024-03-05,January Jones,Mount Juliet,TN,Furniture,Stool,64,4,0,23,Offline
ORD-417,06-03-2024,Christina Hendricks,Lebanon,TN,Electronics,Keyboard,74,2,0,23,Online
ORD-418,3/7/2024,John Slattery,,TN,Clothing,Hat,44,1,0,17,Offline
ORD-413,3/2/2024,Jon Hamm,Columbia,TN,Furniture,Cabinet,-540,1,0,-44,Online
ORD-419,8-Mar-2024,Aaron Staton,Morristown,TN,Furniture,Lamp,84,2,0.1,23,Online
ORD-420,3/9/2024,Rich Sommer,Oak Ridge,TN,Electronics,Mouse,49,3,0,17, offline
ORD-421,3/10/2024, Matthew Fox ,Louisville,KY,Electronics,Laptop,1310,1,0.1,174,Online
ORD-422,2024-03-11,evangeline lilly,lexington,KY, Clothing ,T-Shirt, 37 ,2,0,22,Offline
ORD-423,12-Mar-2024,Jorge Garcia,,KY,Furniture,Desk,-620,1,0,-74,Online
ORD-424,3/13/2024,josh holloway,Bowling Green,KY,Electronics,Smartphone,1040,1,0.05,134, online 
ORD-425,3/14/2024,Terry O'Quinn,Owensboro,KY,Clothing,Jeans,76,3,0,39,Offline
ORD-426,15-03-2024,Naveen Andrews,Covington,KY, Furniture ,Chair,184,4,0.1,42,Offline
ORD-427,3/16/2024,Daniel Dae Kim,Richmond,KY,Electronics,Tablet,334,2,0,66,Online
ORD-428,3/17/2024,Yunjin Kim,,KY,Clothing,Dress,104,1,0.2,39,Offline
ORD-429,18-Mar-2024,Emilie de Ravin,Georgetown,KY,Furniture,Sofa,1140,1,0.15,134,Online
ORD-430,3/19/2024,Dominic Monaghan,Florence,KY,Electronics,Headphones,134,0,0,46, offline
ORD-431,3/20/2024,Harold Perrineau,Hopkinsville,KY,Clothing,Shoes,154,-1,0,56,Online
ORD-432,2024-03-21,Elizabeth Mitchell,Nicholasville,KY,Furniture,Table,384,1,0.1,66,Offline
ORD-433,22-03-2024,Ken Leung,Elizabethtown,KY,Electronics,Monitor,284,2,0.05,56,Online
ORD-434,3/23/2024,Michael Emerson,Henderson,KY,Clothing,Jacket,184,1,0,51,Offline
ORD-435,3/24/2024,Henry Ian Cusick,Frankfort,KY,Furniture,Bookshelf,234,1,0.1,46,Online
ORD-436,25-Mar-2024,Jeff Probst,Jeffersontown,KY,Electronics,Smartwatch,234,1,0,66,Offline
ORD-437,3/26/2024,Phil Keoghan,Independence,KY,Clothing,Sweater,86,2,0.1,24,Online
ORD-438,3/27/2024,Julie Chen Moonves,,KY,Furniture,Bed,1260,1,0.2,184,Offline
ORD-436,25-Mar-2024,Jeff Probst,Jeffersontown,KY,Electronics,Smartwatch,234,1,0,66,Offline
ORD-439,2024-03-28,RuPaul Charles,Paducah,KY,Electronics,Camera,860,1,0,114, online 
ORD-440,29-03-2024,Gordon Ramsay,Radcliff,KY,Clothing,Shorts,56,3,0,18,Offline
ORD-441,3/30/2024,Padma Lakshmi,Ashland,KY,Furniture,Cabinet,-560,1,0,-46,Online
ORD-442,31-Mar-2024,Tom Colicchio,Madisonville,KY,Electronics,Router,106,2,0.1,39,Offline
ORD-443,4/1/2024,Gail Simmons,Winchester,KY,Clothing,Socks,39,5,0,18,Online
ORD-444,2024-04-02,Tim Gunn,Erlanger,KY,Furniture,Stool,66,4,0,24,Offline
ORD-445,03-04-2024,Heidi Klum,Murray,KY,Electronics,Keyboard,76,2,0,24,Online
ORD-446,4/4/2024,Nina Garcia,,KY,Clothing,Hat,46,1,0,18,Offline
ORD-447,5-Apr-2024,Zac Posen,St. Matthews,KY,Furniture,Lamp,86,2,0.1,24,Online
ORD-448,4/6/2024,Tyra Banks,Fort Thomas,KY,Electronics,Mouse,51,3,0,18, offline
ORD-449,4/7/2024, Kiefer Sutherland ,Portland,OR,Electronics,Laptop,1320,1,0.1,176,Online
ORD-450,2024-04-08,mary lynn rajskub,salem,OR, Clothing ,T-Shirt, 38 ,2,0,23,Offline
ORD-451,09-Apr-2024,Carlos Bernard,,OR,Furniture,Desk,-630,1,0,-76,Online
ORD-452,4/10/2024,dennis haysbert,Eugene,OR,Electronics,Smartphone,1060,1,0.05,136, online 
ORD-453,4/11/2024,Elisha Cuthbert,Gresham,OR,Clothing,Jeans,78,3,0,41,Offline
ORD-454,12-04-2024,Simon Baker,Hillsboro,OR, Furniture ,Chair,186,4,0.1,44,Offline
ORD-455,4/13/2024,Robin Tunney,Beaverton,OR,Electronics,Tablet,336,2,0,68,Online
ORD-456,4/14/2024,Tim Kang,,OR,Clothing,Dress,106,1,0.2,41,Offline
ORD-457,15-Apr-2024,Owain Yeoman,Bend,OR,Furniture,Sofa,1160,1,0.15,136,Online
ORD-458,4/16/2024,Amanda Righetti,Medford,OR,Electronics,Headphones,136,0,0,48, offline
ORD-459,4/17/2024,Emily Deschanel,Springfield,OR,Clothing,Shoes,156,-1,0,58,Online
ORD-458,4/16/2024,Amanda Righetti,Medford,OR,Electronics,Headphones,136,0,0,48, offline
ORD-460,2024-04-18,David Boreanaz,Corvallis,OR,Furniture,Table,386,1,0.1,68,Offline
ORD-461,19-04-2024,Michaela Conlin,Albany,OR,Electronics,Monitor,286,2,0.05,58,Online
ORD-462,4/20/2024,T.J. Thyne,Tigard,OR,Clothing,Jacket,186,1,0,53,Offline
ORD-463,4/21/2024,Tamara Taylor,Lake Oswego,OR,Furniture,Bookshelf,236,1,0.1,48,Online
ORD-464,22-Apr-2024,John Francis Daley,Keizer,OR,Electronics,Smartwatch,236,1,0,68,Offline
ORD-465,4/23/2024,Stana Katic,Grants Pass,OR,Clothing,Sweater,88,2,0.1,25,Online
ORD-466,4/24/2024,Nathan Fillion,,OR,Furniture,Bed,1280,1,0.2,186,Offline
ORD-467,2024-04-25,Jon Huertas,Oregon City,OR,Electronics,Camera,880,1,0,116, online 
ORD-468,26-04-2024,Seamus Dever,McMinnville,OR,Clothing,Shorts,58,3,0,19,Offline
ORD-469,4/27/2024,Tamala Jones,Redmond,OR,Furniture,Cabinet,-580,1,0,-48,Online
ORD-470,28-Apr-2024,Molly Quinn,Tualatin,OR,Electronics,Router,108,2,0.1,41,Offline
ORD-471,4/29/2024,Susan Sullivan,West Linn,OR,Clothing,Socks,41,5,0,19,Online
ORD-472,2024-04-30,Penny Johnson Jerald,Woodburn,OR,Furniture,Stool,68,4,0,25,Offline
ORD-473,01-05-2024,Mark Harmon,Newberg,OR,Electronics,Keyboard,78,2,0,25,Online
ORD-474,5/2/2024,Michael Weatherly,,OR,Clothing,Hat,48,1,0,19,Offline
ORD-475,3-May-2024,Cote de Pablo,Roseburg,OR,Furniture,Lamp,88,2,0.1,25,Online
ORD-476,5/4/2024,Pauley Perrette,Forest Grove,OR,Electronics,Mouse,53,3,0,19, offline
ORD-477,5/5/2024, Sean Murray ,Atlanta,GA,Electronics,Laptop,1330,1,0.1,178,Online
ORD-478,2024-05-06,david mccallum,augusta,GA, Clothing ,T-Shirt, 39 ,2,0,24,Offline
ORD-479,07-May-2024,Brian Dietzen,,GA,Furniture,Desk,-640,1,0,-78,Online
ORD-480,5/8/2024,rocky carroll,Columbus,GA,Electronics,Smartphone,1080,1,0.05,138, online 
ORD-481,5/9/2024,Emily Wickersham,Macon,GA,Clothing,Jeans,80,3,0,43,Offline
ORD-482,10-05-2024,Wilmer Valderrama,Savannah,GA, Furniture ,Chair,188,4,0.1,46,Offline
ORD-483,5/11/2024,Maria Bello,Athens,GA,Electronics,Tablet,338,2,0,70,Online
ORD-484,5/12/2024,Duane Henry,,GA,Clothing,Dress,108,1,0.2,43,Offline
ORD-485,13-May-2024,Diona Reasonover,Sandy Springs,GA,Furniture,Sofa,1180,1,0.15,138,Online
ORD-486,5/14/2024,Katrina Law,Roswell,GA,Electronics,Headphones,138,0,0,50, offline
ORD-487,5/15/2024,Gary Cole,Johns Creek,GA,Clothing,Shoes,158,-1,0,60,Online
ORD-488,2024-05-16,Scott Bakula,Warner Robins,GA,Furniture,Table,388,1,0.1,70,Offline
ORD-486,5/14/2024,Katrina Law,Roswell,GA,Electronics,Headphones,138,0,0,50, offline
ORD-489,17-05-2024,Lucas Black,Albany,GA,Electronics,Monitor,288,2,0.05,60,Online
ORD-490,5/18/2024,Zoe McLellan,Alpharetta,GA,Clothing,Jacket,188,1,0,55,Offline
ORD-491,5/19/2024,Rob Kerkovich,Marietta,GA,Furniture,Bookshelf,238,1,0.1,50,Online
ORD-492,20-May-2024,CCH Pounder,Smyrna,GA,Electronics,Smartwatch,238,1,0,70,Offline
ORD-493,5/21/2024,Daryl Mitchell,Valdosta,GA,Clothing,Sweater,90,2,0.1,26,Online
ORD-494,5/22/2024,Shalita Grant,,GA,Furniture,Bed,1300,1,0.2,188,Offline
ORD-495,2024-05-23,Vanessa Ferlito,Dunwoody,GA,Electronics,Camera,900,1,0,118, online 
ORD-496,24-05-2024,Chris O'Donnell,Rome,GA,Clothing,Shorts,60,3,0,20,Offline
ORD-497,5/25/2024,LL Cool J,Peachtree Corners,GA,Furniture,Cabinet,-600,1,0,-50,Online
ORD-498,26-May-2024,Daniela Ruah,Gainesville,GA,Electronics,Router,110,2,0.1,43,Offline
ORD-499,5/27/2024,Eric Christian Olsen,East Point,GA,Clothing,Socks,43,5,0,20,Online
ORD-500,2024-05-28,Linda Hunt,Newnan,GA,Furniture,Stool,70,4,0,26,Offline
ORD-501,29-05-2024,Renée Felice Smith,Dalton,GA,Electronics,Keyboard,80,2,0,26,Online
ORD-502,5/30/2024,Barrett Foa,,GA,Clothing,Hat,50,1,0,20,Offline
ORD-503,31-May-2024,Miguel Ferrer,Hinesville,GA,Furniture,Lamp,90,2,0.1,26,Online
ORD-504,6/1/2024,Nia Long,Peachtree City,GA,Electronics,Mouse,55,3,0,20, offline